prompt_id,section_h1,section_h2,section_h3,table_id,row_index,prompt_column_header,prompt_text,source_url
1,Story production,AI comic drama,,Kbzadv1LgoPXvTxPfJKcDmPdnY8,1,prompt,"Transformation in the first and last frames, 15 seconds of red and gold Queen→Ice King transformation shot, sharp contrast between warm and cold tones, 0-3 seconds: slow-motion shot focusing on the red-dressed Queen sitting on the gilt throne, fingertips gently shaking the gilt folding fan, the friction of the clothes makes a tiny sound, cold eyes glance below, the warm light of the palace lanterns in the background is swaying, accompanied by the low palace string music; 4-8 Seconds: With the folding fan in the Queen's hand as the core, ice crystal patterns suddenly burst out. The ice patterns quickly spread like a spider web to cover her red robe, throne and even the entire palace. The panning camera quickly cut to a close-up of the painful deformation of her face, which was red and cracked, and her hair was condensed with ice. Accompanied by the crisp sound of ice crystals exploding and the low-temperature hissing, the Queen murmured, ""This power of ice erosion... has actually penetrated into the bones""; 9-12 Seconds: A long shot from above to freeze the transformation of the Ice King sitting on the Frozen Throne, with the ice-covered joints holding an ice fan tightly, water droplets dripping from the ice picks on the edge of the throne, and the ice hanging from the icicles in the background shaking slightly, accompanied by the sound of ice cracking and the howling cold wind; 12-15 seconds: A slow tweet close-up of the Ice King's scarlet eyes, and he roared. ""From now on, there will be no empress in the world, only the Lord of Frozen End."" The camera finally freezes on the symmetrical silhouette of the Ice Throne, and the sound effects converge into the buzz of the collision of ice and fire energy and gradually dissipate.",https://bytedance.larkoffice.com/wiki/LJXzwehluiFdzKkb1recZdfonZg
2,Story production,AI comic drama,,Kbzadv1LgoPXvTxPfJKcDmPdnY8,2,prompt,"15 seconds of a fairy tale pilgrimage shot, with warm golden tones, 0-3 seconds: a low-angle shot of the protagonist in a blue robe walking slowly along the jade steps, the hem of his clothes fluttering in the mountain breeze, the clouds and mist on both sides rolling slowly, multiple layers of gilded arches in the distance extending layer by layer, soft fairy music slowly playing in the background; 4-8 Seconds: The camera slowly zooms in, the protagonist steps onto the top of the jade steps, and raises his hand to brush the dragon pattern relief on the arch beside him. The relief instantly lights up with pale golden runes, accompanied by a subtle buzzing sound effect of the runes; 9-12 seconds: The camera zooms out, and the protagonist stops in front of the innermost arch. The golden tiles on the top of the arch burst into fine golden light under the refraction of the sun. Clouds and mist billow out from the gaps in the arch, and the volume of the fairy music increases slightly; 13-15 Seconds: Slowly tweet a close-up of the protagonist's profile. His eyes are focused on the fairy palace in front of him, and he whispers, ""Today, I will enter the Lingxiao Palace and ask about what happened back then."" Finally, the camera freezes on the silhouette of the fairy palace in the middle of the arch. The fairy music fades away, leaving only the soft sound of flowing clouds and mist.",https://bytedance.larkoffice.com/wiki/LJXzwehluiFdzKkb1recZdfonZg
3,Story production,AI comic drama,,Kbzadv1LgoPXvTxPfJKcDmPdnY8,3,prompt,"15 seconds of dark magic burst shot, purple and black cold tones, 0-3 seconds: low-angle shot of the magical protagonist suspended in the starry sky, hands condensed with beating purple flames, robes blown by the energy airflow, the giant magic array above his head slowly rotates and glows, meteorites slowly float in the background, accompanied by the buzzing of the magic array and the low sound of spells, the protagonist grits his teeth and roars ""With my blood, draw the power of the starry sky!""; 4-8 Seconds: Panning camera for a close-up, the flames in the palm of the protagonist's palm surge and golden runes appear, the double arrays under the feet and above the head form purple energy convection, the electric light shuttles between the runes, the surrounding meteorites are shattered by the energy waves, accompanied by the roar of the energy flow and the sound of the meteorites cracking; 9-12 Seconds: Upward shot, zoom out, freeze frame and slow playback, the protagonist raises his arms high, and the flames of both palms gather into a giant purple energy ball. The energy ball tears the starry sky, all the magic circle runes light up, and the ruined buildings in the background tremble under the impact, accompanied by the roar of energy condensation and the sound of air distortion; 13-15 seconds: Slow tweet to close up the protagonist's red eyes, and he roars ""Annihilation!"", the energy ball instantly exploded into a purple shock wave and spread. The camera swept across the broken starry sky with the shock wave, and finally settled on the remnants of the magic circle. The sound effects ended with the reverberation of the shock wave and the fading wind.",https://bytedance.larkoffice.com/wiki/LJXzwehluiFdzKkb1recZdfonZg
4,Story production,AI comic drama,,Kbzadv1LgoPXvTxPfJKcDmPdnY8,4,prompt,"15 seconds of high-burning battle footage of Xianxia, golden and red warm tones, 0-3 seconds: low-angle close-up of the protagonist's blue robe fluttering due to the heat wave, holding a thunder-patterned giant sword tightly with both hands, the blade's red lightning flashing continuously, lava on the ground bubbling, the distant demon soldiers roaring and charging, the protagonist shouts ""Today, I will use this sword to suppress evil spirits like you!"", accompanied by the sound of swords and lava gurgling; 4-8 Seconds: Quick cut around the panning camera, the protagonist spins around and swings the sword, the sword blade tears the air and shoots out a red shock wave. The front row of demon soldiers are knocked away and shattered into ashes. The light and shadow of the gilded gold workshop in the background tremble under the energy impact, accompanied by the sound of the sword energy breaking through the air and the screams of the demon soldiers; 9-12 Seconds: Upward shot, zoom out, freeze and slow play, the protagonist leaps into the air, the sword condenses a giant arc of lightning and strikes at the group of demon soldiers. Where the arc sweeps, lava splashes and the demon soldiers are annihilated. The swirling golden light in the sky violently rotates and shrinks, accompanied by the roar of energy explosions and the sound of cracking gravel. 13-15 seconds: Slowly tweets a close-up of the main character sheathing his sword in the corner. The hem of his clothes trembles slightly, and the remaining electric light of the sword flashes. He looks towards the archway and says coldly. ""The door to this world cannot be crossed."" The final shot freezes on the silhouette of the archway, and the sound effects end with the lingering trembling and fading wind.",https://bytedance.larkoffice.com/wiki/LJXzwehluiFdzKkb1recZdfonZg
5,Story production,AI comic drama,,Kbzadv1LgoPXvTxPfJKcDmPdnY8,5,prompt,"15 seconds of hot-blooded battle footage of Xianxia, dark red and gold tones, low-angle tracking opening (0-3 seconds): the protagonist is dressed in a flowing blue robe and holds a giant thunder-patterned sword, rushing forward, the hem of his clothes is fluttering, the red and gold magic circle on the soles of his feet spirals up and bursts of golden light, the red electric light wrapped around the sword blade continues to flash, accompanied by the sound of the sword and the buzz of the magic circle, the protagonist shouts ""Break!""; the panning camera quickly cuts to a close-up (4-8 Seconds): Dozens of flaming bats swoop in, the protagonist spins and swings his sword, the blade's electric light tears the air, the magic circle shoots out a golden shock wave and knocks away the bats in the front row, the background is the sound of bat screams and sword energy breaking through the air; tilt up and zoom out to freeze and slow play (9-12 seconds): the protagonist leaps into the air and chops, the sword condenses a giant lightning arc and hits the core of the bat swarm, the red gold energy explosion spreads and stirs up the surrounding airflow, in the distance ""Half World of Yama"" The light and shadow of the archway trembled under the impact, accompanied by the roar of energy explosions and the sound of cracking gravel; a slow close-up faded to the end (13-15 seconds): the sword was sheathed in the main corner, the hem of the clothes moved slightly, the remaining bats turned into sparks and dissipated, the camera focused on the weak electric light remaining on the sword blade, the plaque of the archway in the background was clearly visible, the protagonist said coldly, ""This world does not allow you to be unruly."", and the final sound effects ended with the lingering trembling and fading wind.",https://bytedance.larkoffice.com/wiki/LJXzwehluiFdzKkb1recZdfonZg
6,Story production,AI comic drama,,Kbzadv1LgoPXvTxPfJKcDmPdnY8,6,prompt,"This work adopts the style of Chinese fantasy animated films to create an epic dark fantasy atmosphere, and uses ultra-fine CG animation technology. The story takes place in an ancient mysterious temple, where a thick purple three-dimensional fog envelopes the earth. Beautifully carved stone pillars and golden dragon-shaped reliefs stand quietly, while a huge purple energy vortex slowly rotates above. The camera moves forward in a slow, cinematic manner, tilting slightly upward. A dazzling light bursts out of the vortex, and purple particles float in the air.\nA calm male protagonist wearing a flowing ancient robe slowly walked out of the mist. The medium shot transitions to a medium close shot, where the fabric of the robe and long hair are gently fluttering in the wind of energy. He looked cold and calm, looking straight ahead, holding the weapon lightly in his hand. Behind him, purple shadow creatures gradually emerged from the fog, their twinkling eyes becoming more dazzling, and the fog became thicker. Subtle movements of the camera add to the tension.\nAs the pressure suddenly increased, a powerful force burst out from the protagonist's body. The purple halo quickly spread outwards, and the energy particles accelerated. The camera shook slightly, and the light suddenly shone. His hair and robe suddenly lifted up, and his eyes began to shine. He slowly raised his head and said in a low and restrained voice: ""You... are not worthy.""\nThe energy vortex expanded to fill the entire screen, and time slowed down briefly. The movements of the shadow creatures froze instantly, and purple light enveloped the entire scene. The camera took a dramatic close-up of the protagonist's face, and the tension reached its peak. The screen faded to white. A movie-like ending, gripping suspense, high-contrast light and shadow effects, strong depth of field, and professional animation-style movements, suitable for making a 15-second AI animation short film.",https://bytedance.larkoffice.com/wiki/LJXzwehluiFdzKkb1recZdfonZg
7,Story production,Real life short drama,,C93XdTK0VoN83ixsFj7cgcVgntf,1,prompt,"Screen (0-5 seconds): Close-up of Grandma Zhang’s red eyes, pointing her finger at the volunteer, tears falling on her clothes, on the verge of emotional collapse\nLine 1 (Grandma Zhang, choking and roaring): What on earth are you trying to lie to me about? Is it interesting to use Lao Chen?\nPicture (6-10 seconds): The volunteer holds the recording pen tightly with both hands, shaking slightly, holding it forward with red eyes, the camera sweeps over, showing the cracks on the bedside\nLine 2 (Volunteer, choking with emotion): I didn’t lie to you! This is what Grandpa Chen entrusted to me during his lifetime. He wants to accompany you!\nPicture (11-15 seconds): The volunteer suddenly pressed the recorder, and Grandpa Chen’s deep voice first sounded. Grandma Zhang froze instantly, her eyes changed from anger to shock, and her hands were slightly raised.\nSound effects: rapid piano sound + mobile phone current noise, Grandma Zhang’s choking sound, recording pen keystroke sound, and Grandpa Chen’s fuzzy vocals mixed in at the end.\nDuration: Exactly 15 seconds (each frame is compact, no redundancy)",https://bytedance.larkoffice.com/wiki/LJXzwehluiFdzKkb1recZdfonZg
8,Story production,Real life short drama,,C93XdTK0VoN83ixsFj7cgcVgntf,2,prompt,"Screen (0-5 seconds): A close-up of a girl pulling the collar of a Shiba Inu (ex-boyfriend). The Shiba Inu is struggling wildly and baring its teeth (its eyes show a humanoid panic). The girl’s face is expressionless, and her other hand is holding a pet hospital sterilization notice.\nLine 1 (girl, speaking in a sultry tone): Didn’t you act arrogantly when you were a scumbag to me? Today I will give you ""End of Love""!\nScreen (6-10 seconds): The girl forcefully drags the Shiba Inu towards the door of the pet hospital. The Shiba Inu kicks on the ground and whines (like a person begging for mercy). The camera scans the hospital's ""Neuteration Area"" sign, and the girl's mouth curls into a bad smile.\nLine 2 (girl, teasing): Stop struggling. After sterilization, you can no longer flirt around~\nScreen (11-15 seconds): The girl forcibly picks up the Shiba Inu and rushes inside. The Shiba Inu’s head is shaking and its paws are scratching (with desperate eyes). The camera freezes on the contrasting face of the girl’s evil smile and the Shiba Inu’s panic.\nSound effects: light and funny background sounds, Shiba Inu struggling and whimpering, girls’ teasing laughter, slight ambient sounds of the hospital\nDuration: 15 seconds exactly (brisk rhythm, full of imagination)",https://bytedance.larkoffice.com/wiki/LJXzwehluiFdzKkb1recZdfonZg
9,Story production,Real life short drama,,C93XdTK0VoN83ixsFj7cgcVgntf,3,prompt,"Screen (0-5 seconds): Close-up of the two people pulling the camera, the heroine is pulling the CEO's tie, the distance is very close, the president's eyes are confused (amnesia state), frowning and scolding, the heroine has a disdainful smile on her lips. Line 1 (President, confused and strong): Woman, how dare you be so presumptuous? Let me tell you, I only recognize my Bai Yueguang! Screen (6-10 seconds): The heroine suddenly tightens the tie, the president leans close to him, the heroine pokes his chest with her fingertips, the camera scans the old photo of the president and the heroine on the table (foreshadowing), the heroine's eyes become cold. Line 2 (the heroine, being cool and counterattacking): Bai Yueguang? President, before you lost your memory, you begged me on your knees not to leave! Screen (11-15 seconds): The heroine loosens her tie, the CEO stumbles, his eyes change from confusion to shock, the heroine turns around and looks back with raised eyebrows, a provocative smile on her lips, the camera freezes the contrast between the two people. Sound effects: low and tense background sound, the subtle sound of the tie being pulled, the CEO's low scolding, the heroine's cold laughter, slight office environment sounds Duration: Exactly 15 seconds (full of bloody and pulling feeling, tight rhythm) No subtitles should appear in all the scenes, and a voice is added at the end to say ""predict what will happen next, please watch the next episode""",https://bytedance.larkoffice.com/wiki/LJXzwehluiFdzKkb1recZdfonZg
10,Story production,Real life short drama,,C93XdTK0VoN83ixsFj7cgcVgntf,4,prompt,"Screen (0-5 seconds): Close-up shot of the heroine tearing up the contract, scraps of paper falling, the president kneeling on one knee and reaching out to stop her, his eyes panicked, the heroine ducks away with a cold smile on her lips\nLine 1 (President, humble and confused): Su Wan! The contract is not over yet, you can't leave! I will give you money and status!\nScreen (6-10 seconds): The heroine raises her feet to avoid his hand and throws the torn contract paper at his face. The camera scans the whispers of the surrounding guests (blurred background), and the heroine’s eyes become colder.\nLine 2 (female protagonist, cold and counterattack): Contract? Mr. Gu, it was you who said at the beginning that I was not even worthy of carrying your shoes, and now you are begging me? It's too late!\nScreen (11-15 seconds): The CEO is frozen in place, with confetti on his face. His eyes turn from panic to despair. The heroine turns around and leaves with her head held high. The hem of her red dress is fluttering. The camera freezes the contrast between the two.\nSound effects: Gorgeous and tense background sound, the sound of the contract being torn up, the president's humble pleading, the heroine's cold tone, the guests' slight whispers\nDuration: 15 seconds accurately (full of bloody feeling, anti-killing feeling, tight rhythm)",https://bytedance.larkoffice.com/wiki/LJXzwehluiFdzKkb1recZdfonZg
11,Story production,Real life short drama,,C93XdTK0VoN83ixsFj7cgcVgntf,5,prompt,"Please expand and refer to the latter part of video 1, the girl’s three wishes, what is the first wish?",https://bytedance.larkoffice.com/wiki/LJXzwehluiFdzKkb1recZdfonZg
12,video parody,Cool mirror,,XAj1dNy63ojRUCxkHEdc1fianUg,1,prompt,Refer to the camera transition effect in Video 1 and replace the main body of the picture with Figure 1. The movement is smooth without any additional effects.,https://bytedance.larkoffice.com/wiki/LJXzwehluiFdzKkb1recZdfonZg
13,video parody,Cool mirror,,XAj1dNy63ojRUCxkHEdc1fianUg,2,prompt,"Replace the fruits in @Video 1 with the strawberries in Picture 1, replace the fruit slices in the reference video with strawberry slices, and replace the tea leaves with strawberries",https://bytedance.larkoffice.com/wiki/LJXzwehluiFdzKkb1recZdfonZg
14,video parody,Cool mirror,,XAj1dNy63ojRUCxkHEdc1fianUg,3,prompt,"Referring to the city shuttle editing technique of Video 1 and using background music, generate a promotional video for Shenzhen, with the landmark buildings in Figures 1, 2, and 3 appearing and frozen.",https://bytedance.larkoffice.com/wiki/LJXzwehluiFdzKkb1recZdfonZg
15,video parody,Cool mirror,,XAj1dNy63ojRUCxkHEdc1fianUg,4,prompt,"Use the input male photo as a character reference, keep the character's front appearance, hairstyle, facial features proportions and clothing unchanged, and completely migrate and apply the special effects in Video 1 to the character. The appearance mode, dynamic rhythm, morphological changes and duration of the special effects strictly refer to Video 1, which naturally matches the character's movements and body position without blocking key facial features. The main body of the character remains stable, the special effects surround the character or are triggered from the character, and the picture is coherent and smooth, with no flicker, no misalignment, and no style deviation. The overall style is more realistic, highlighting the combined effect of ""characters + special effects"" to generate natural and credible special effects videos.",https://bytedance.larkoffice.com/wiki/LJXzwehluiFdzKkb1recZdfonZg
16,video parody,Cool mirror,,XAj1dNy63ojRUCxkHEdc1fianUg,5,prompt,Refer to the camera transition effect in Video 1 and replace the main body of the picture with Figure 1. The movement is smooth without any additional effects.,https://bytedance.larkoffice.com/wiki/LJXzwehluiFdzKkb1recZdfonZg
17,video parody,Cool mirror,,XAj1dNy63ojRUCxkHEdc1fianUg,6,prompt,"Refer to the camera movement and cross-dressing effects in the video, let the character in picture 1 cross-dress to the effect in picture 2, and generate a 15-second video",https://bytedance.larkoffice.com/wiki/LJXzwehluiFdzKkb1recZdfonZg
18,video parody,Cool mirror,,XAj1dNy63ojRUCxkHEdc1fianUg,7,prompt,Refer to the fast camera movement method in the video to generate a 15-second video from Figure 1.,https://bytedance.larkoffice.com/wiki/LJXzwehluiFdzKkb1recZdfonZg
19,video parody,Cool mirror,,XAj1dNy63ojRUCxkHEdc1fianUg,8,prompt,"Refer to the camera movement method and background music in the video, and generate a 15-second video that follows the camera movement stuck points based on the 5 uploaded reference pictures.",https://bytedance.larkoffice.com/wiki/LJXzwehluiFdzKkb1recZdfonZg
20,video parody,Cool mirror,,XAj1dNy63ojRUCxkHEdc1fianUg,9,prompt,"Generate a 15-second movie-level short film ""traveling through five movie genre worlds"". The main subject is the same man running across the world. Each world takes about 2–2.5 seconds, and the pace gets tighter and tighter. Every time I switch, I use ""blocking and wiping the mirror"": the man's shoulders/clothes/foreground objects pass by the camera and fill the screen → the next world seamlessly connects to the same running posture.\nWorld 1 (noir): Alleyway on a rainy night, hard light cutting, strong contrast, ground reflection, thin layer of smoke.\nWorld 2 (ancient martial arts style): Moonlight in the bamboo forest, wind blowing clothes, cold weapons flashing, but no close-ups of specific weapons (to avoid overshadowing the scene), the camera still locks the face.\nWorld 3 (hard science fiction): long and narrow metal corridor, volumetric light and cold fog, pressure from the light port in the distance, and the camera zooms in slightly with breathing.\nWorld 4 (Western Highway): Dusty, backlit sun, heat wave air disturbance, and the clear sound of gravel on the ground.\nWorld 5 (war/disaster movie feel but not bloody): Strong wind and dust, distant firelight illuminates the outline, the camera returns to the front and close-up to freeze and finish.\nThe narration must be stronger and denser, but each sentence must be very short:\n0–2s (frontal super close shot) “It’s me.”\n2–4s “Get another one.”\n4–6s “Change again.”\n6–9s “Don’t blink.”\n9–12s “Still running.”\n12–15s (face locked) “I’m wearing it.”\nSound: Raindrops/Bamboo leaves and wind/Metal low-frequency buzzing/Dust whistling/Explosive wind low-frequency. There are short low-frequency ""bang"" and lens-wiping cloth sounds at the switching points. The picture must be intuitive, coherent, and cinematic, without game special effects.",https://bytedance.larkoffice.com/wiki/LJXzwehluiFdzKkb1recZdfonZg
21,video parody,real fight,,KHK5d6ss0ob1CHx6KCacPQ0OnZg,1,prompt,"In the scene shown in Figure 5, character 1 changes into the style of character 2, with his clothes torn and separated into pieces, and the character is surrounded by blue speed lines"" and ""hand-drawn special effects""; character 3 changes into the style of character 4, floating in the flames, accompanied by anime-style ""speed lines"" and ""hand-drawn special effects.""\nIn the Japanese-style house background in Figure 5, Character 1 and Character 3 start a duel, accompanied by exciting background music. During this process, please maintain the consistency of the facial expressions of Character 1 and Character 3.",https://bytedance.larkoffice.com/wiki/LJXzwehluiFdzKkb1recZdfonZg
22,video parody,real fight,,KHK5d6ss0ob1CHx6KCacPQ0OnZg,2,prompt,"In the reference picture, Character 1 and Character 2 are dueling. The movements refer to the movements in Video 1 and are accompanied by exciting background music. During this process, please maintain the consistency of the facial expressions of Character 1 and Character 3.",https://bytedance.larkoffice.com/wiki/LJXzwehluiFdzKkb1recZdfonZg
23,video parody,dance imitation,,BVGlduPTdowxAexw75zcWHqInrf,1,prompt,Let the character in picture 1 copy the dance movements and stuck music in video 1 to generate a 13-second video with smooth movements and no lag.,https://bytedance.larkoffice.com/wiki/LJXzwehluiFdzKkb1recZdfonZg
24,video parody,dance imitation,,BVGlduPTdowxAexw75zcWHqInrf,2,prompt,Refer to the dance moves in Video 1 and let all the cats in Picture 1 dance with the same dance moves.,https://bytedance.larkoffice.com/wiki/LJXzwehluiFdzKkb1recZdfonZg
25,E-commerce/Advertising,,,B40wdHLMMoWgOqxWQnGc0mW8nsh,1,prompt,"Please generate a live delivery video based on the reference picture: The character in the 0-2s picture is sitting on the sofa, picking up the bag of potato chips with one hand, and gently stroking his sleeve with the other hand. His eyes changed from majestic to curious, and he said: ""My imperial kitchen, with slightly raised eyebrows, is hidden. Such a good thing!""; 2-5s He tore open the potato chip bag, picked up a piece of potato chip and sniffed it, with a look of surprise on his face, nodded slightly, and said: ""It's crispy, salty and delicious, and you'll be hooked in one bite!"" He put the chips in his mouth and chewed them, closed his eyes and enjoyed it. Then he looked up at the camera, raised his hand to indicate the potato chips, and said in a brisk tone: ""Following dramas to satisfy my craving is more satisfying than palace snacks!""; 8-10s He held the bag of potato chips facing the camera, and gestured with the recommendation hand with his other hand. With a smile on his face, he said with a friendly aura: ""Today's special offer, please place your order quickly!""; Requirements: Sound effect adaptation: with the crisp sound of potato chips being ripped open and chewed, and at the end with a brisk ancient-style delivery prompt sound to enhance the atmosphere and memory points. Oral broadcasting rhythm: The speaking speed is slightly slower, fitting the original intonation of Shiro in The Legend of Zhen Huan, with its own ancient accent. Each sentence is connected smoothly, and it is guaranteed to be read completely in 10 seconds.",https://bytedance.larkoffice.com/wiki/LJXzwehluiFdzKkb1recZdfonZg
26,E-commerce/Advertising,,,B40wdHLMMoWgOqxWQnGc0mW8nsh,2,prompt,"The reference picture is disassembled, the camera remains still, the burger suspended in the air begins to rotate, the ingredients are separated gently and accurately, maintaining the shape and proportion, the movement is smooth, without any additional effects, the burger is separated to both sides, including the golden sesame bun on the top The top, the bright green lettuce leaves underneath, the beady slices of fresh red tomatoes, the two thick, juicy layers of grilled beef patty sandwiched with melted golden cheddar cheese, and the fluffy bun base at the very bottom, all fall slowly and perfectly together into a complete deluxe double cheeseburger. During this process, the cheese continues to melt slightly and slowly drips, and the water droplets on the lettuce and tomatoes are crystal clear, maintaining the extremely attractive gourmet beauty.",https://bytedance.larkoffice.com/wiki/LJXzwehluiFdzKkb1recZdfonZg
27,E-commerce/Advertising,,,B40wdHLMMoWgOqxWQnGc0mW8nsh,3,prompt,"Image generation:\nPlease copy the white background product photo in Figure 1 to the composition and background light and shadow of the 3D product image in the second reference image to generate a new 3D product display image of Coca-Cola's canned beverages. Keep the can packaging details unchanged, peach elements, pink background, 3D rendering, no oranges, and no text on the poster.\nComplete video prompt: The Coca-Cola drink in Figure 1, after rotating 2 times at 360 degrees at high speed, suddenly stops and accumulates power and splits into three parts for display. Then the upper, middle and lower parts of the decomposed Coca-Cola beverage can were quickly rotated inward to synthesize a complete can of Coca-Cola beverage, 3D rendering product display special effects, dynamic product special effects display",https://bytedance.larkoffice.com/wiki/LJXzwehluiFdzKkb1recZdfonZg
28,E-commerce/Advertising,,,B40wdHLMMoWgOqxWQnGc0mW8nsh,4,prompt,"Please create a marketing video for beauty products and fragrances based on the editing style of the video clips I provided. Replace the beauty product perfume in the video with the one I provided, and modify the video content description and subtitle effects to highlight the introduction of the beauty product perfume.",https://bytedance.larkoffice.com/wiki/LJXzwehluiFdzKkb1recZdfonZg
29,E-commerce/Advertising,,,B40wdHLMMoWgOqxWQnGc0mW8nsh,5,prompt,"Please create a promotional and marketing video for beverage products based on the editing style of the video clips I provided. Replace the beverage products in the video with those provided by me, and modify the video content description and subtitle effects to highlight the product introduction of the beverage.",https://bytedance.larkoffice.com/wiki/LJXzwehluiFdzKkb1recZdfonZg
30,E-commerce/Advertising,,,B40wdHLMMoWgOqxWQnGc0mW8nsh,6,prompt,"Referring to the style and plot of the video, generate a 15-second commercial that recommends the product in Figure 1, focusing on the product introduction of white running shoes. It does not need to be similar to the plot of Reference Video 1. Maintain the consistency of the product in Image 1, with Image 1 as the main body.",https://bytedance.larkoffice.com/wiki/LJXzwehluiFdzKkb1recZdfonZg
31,E-commerce/Advertising,,,B40wdHLMMoWgOqxWQnGc0mW8nsh,7,prompt,Refer to the camera movement method and background music in the video to generate a 15-second video that follows the camera movement and stuck points.,https://bytedance.larkoffice.com/wiki/LJXzwehluiFdzKkb1recZdfonZg
32,E-commerce/Advertising,,,B40wdHLMMoWgOqxWQnGc0mW8nsh,8,prompt,"Let the LV bag in the picture have the same effect as in the reference video 1. Refer to the camera movements, scenes, and songs of the video to generate a 15-second video.",https://bytedance.larkoffice.com/wiki/LJXzwehluiFdzKkb1recZdfonZg
33,E-commerce/Advertising,,,B40wdHLMMoWgOqxWQnGc0mW8nsh,9,prompt,Refer to the camera movement method and background music in the video to generate a 15-second video of the product in Picture 1 following the camera movement stuck point.,https://bytedance.larkoffice.com/wiki/LJXzwehluiFdzKkb1recZdfonZg
34,E-commerce/Advertising,,,B40wdHLMMoWgOqxWQnGc0mW8nsh,10,prompt,"Referring to the video style and plot of Video 1, generate a 15-second commercial for the orange juice product in Figure 1, showing various angles of the orange, mainly reflecting the texture of the orange, and then showing the effect of cutting the orange into pieces, bottling and decoration of the juice, and finally showing the final effect of the orange juice.",https://bytedance.larkoffice.com/wiki/LJXzwehluiFdzKkb1recZdfonZg
35,E-commerce/Advertising,,,B40wdHLMMoWgOqxWQnGc0mW8nsh,11,prompt,"Replace the main body of reference video 1 with reference picture 1, and use the form of reference picture 2 to explode and dissect the product, maintaining the shape and proportions, making the picture coherent and smooth, with no flickering, no misalignment, and no style deviation. The overall style is more realistic, highlighting the combined effect of ""product + explosion anatomy special effects"" to generate a natural and credible product display special effects video.",https://bytedance.larkoffice.com/wiki/LJXzwehluiFdzKkb1recZdfonZg
36,E-commerce/Advertising,,,B40wdHLMMoWgOqxWQnGc0mW8nsh,12,prompt,"Imitate the marketing video effect and camera transition effect of reference video 1, replace the main body of bricks in reference video 1 with the orange Apple 17pro in reference picture 1 as the main body, and create a similar promotional and marketing video for mobile phone products to highlight the digital product introduction and texture. The product needs to be displayed from multiple angles. The character is holding the Apple 17pro in his hand, showing the camera of the phone, the front, the side, etc. At the same time, it is necessary to add some product sweeping light and shadow effects to maintain the consistency of the orange Apple 17pro product and create a professional product video for mobile phone advertising and marketing.",https://bytedance.larkoffice.com/wiki/LJXzwehluiFdzKkb1recZdfonZg
37,E-commerce/Advertising,,,B40wdHLMMoWgOqxWQnGc0mW8nsh,13,prompt,"Please make a promotional and marketing video for [RIO Qiang Shuang] based on the editing style of the video clips I provided. Replace the Coca-Cola drink in video 1 with the picture 1 [RIO strong refreshment] I provided, and modify the video content description and subtitle effect to highlight the introduction of [RIO strong refreshment], and use the Chinese product introduction.",https://bytedance.larkoffice.com/wiki/LJXzwehluiFdzKkb1recZdfonZg
38,E-commerce/Advertising,,,B40wdHLMMoWgOqxWQnGc0mW8nsh,14,prompt,"Core requirements: First-person immersive hand-made experience, with a tight 8-second rhythm, highlighting the freshness, hand-made layering, and refreshing healing appearance of the Seedance brand ""Youjian Lemon White"" grapefruit and lemon gradient fruit drink. It is suitable for Douyin/Video account information flow. The picture is bright and transparent with memory points. The whole first-person perspective composition, fresh and soft light and shadow, highly saturated and transparent colors, highlighting the pink and white gradient visual selling point\n8 seconds first-person perspective fruit tea advertisement, Seedance brand ""Yu Jian Lemon White"" grapefruit lemon gradient fruit drink limited edition, fresh and transparent texture, soft natural light, no excessive grinding, suitable for Douyin/video account information flow, the screen focuses on hand movements and drink layering details; 0-2 seconds: first person close-up, your hand pinches a red heart and freshly cuts the grapefruit in half, the crisp sound of the knife cutting the grapefruit + The sound of pulp juice splashing, the background is a blurry and fresh scene of scattered lime slices/mint leaves, the soft sound of fingers squeezing lemon slices against the wall of the glass, the background sound (bright): ""Fresh cut and freshly squeezed""; 2-4 seconds: Quick cut lens click, your hand slowly pours grapefruit juice along the back of the spoon into a glass full of transparent ice cubes, and then pours refrigerated fresh milk along the back of the spoon, the pink-white gradient instantly forms the sound of silky liquid + The sound of ice cubes lightly hitting the wall of the cup, a brisk drum beat, background sound (highlight): ""pink-white gradient""; 4-6 seconds: first-person close-up of the finished product, the camera zooms in to capture the layered texture of the cup body, your hands pinch mint leaves + lemon slices and insert them into the top decoration of the cup, gently placing the rustling sound of the decoration, background music mixed with clear piano music, background sound (gentle): ""ice and freshness""; 6-8 Seconds: First-person hand-held toast, holding the gradient fruit drink in front of the camera (simulating a face-to-face perspective of handing it to the audience). The pink seedance label on the cup is clearly visible. You smile and say, ""Take a refreshing sip!"". The Seedance brand logo freezes for the last 0.5 seconds. The drumbeat beats the ending, and a white subtitle pops up at the bottom of the screen: ""Seedance Limited New Release.""\nDetailed optimization highlights of adapting ingredients/steps",https://bytedance.larkoffice.com/wiki/LJXzwehluiFdzKkb1recZdfonZg
39,E-commerce/Advertising,,,B40wdHLMMoWgOqxWQnGc0mW8nsh,15,prompt,"Refer to the advertising creativity of the video, use the provided short-sleeve picture, and refer to the picture of wool and the texture picture of the clothing fabric, and match it with the following advertising words ""As if lying on the clouds, 100% cotton content., warm in winter and cool in summer, washable and wearable, comfortable and breathable"" to generate a new short-sleeved advertising video.",https://bytedance.larkoffice.com/wiki/LJXzwehluiFdzKkb1recZdfonZg
40,E-commerce/Advertising,,,B40wdHLMMoWgOqxWQnGc0mW8nsh,16,prompt,"Please create a 10-second promotional video for Chaoshan Kung Fu Tea based on Figure 1. It needs to reflect ""Jiamu Chengming, Phoenix Dancong, good mountains, good water, good Kung Fu, Chaozhou Kung Fu Tea"". The content is creative and highlights the atmosphere of Kung Fu Tea. The size is 9:16 and the duration is 10s.",https://bytedance.larkoffice.com/wiki/LJXzwehluiFdzKkb1recZdfonZg
41,E-commerce/Advertising,,,B40wdHLMMoWgOqxWQnGc0mW8nsh,17,prompt,"Help me create a creative advertising blockbuster for peanut butter, refer to the video I provided for creation",https://bytedance.larkoffice.com/wiki/LJXzwehluiFdzKkb1recZdfonZg
42,E-commerce/Advertising,,,B40wdHLMMoWgOqxWQnGc0mW8nsh,18,prompt,"Generate a 15-second realistic food documentary short film based on photos of Cantonese morning tea. The picture uses a 16:9 wide screen with real and natural tones. The camera focuses on the cooking process of Cantonese-style morning tea and the dining table. The wooden dining table, steamer, and warm lighting create a cordial family atmosphere. The chef's hands and forearms move naturally, ensuring that each shot is concise and powerful, and the duration is controlled at 2 seconds.\nAudio requirements:\nProhibited items:",https://bytedance.larkoffice.com/wiki/LJXzwehluiFdzKkb1recZdfonZg
43,E-commerce/Advertising,,,B40wdHLMMoWgOqxWQnGc0mW8nsh,19,prompt,"High-end texture and fresh movie style. The shot starts from a medium shot. The young man in picture 1, the young woman in picture 2, the father in picture 3 and the mother in picture 4 are snuggled comfortably on the large soft sand-colored piano key sofa in picture 5. They were all dressed in casual loungewear, smiling and talking casually. The camera zooms back at a very slow speed, gradually showing the entire picture 5. The picture has warm tones and bright light, full of a happy and relaxing family atmosphere.",https://bytedance.larkoffice.com/wiki/LJXzwehluiFdzKkb1recZdfonZg
44,Popular science teaching,Popular science animation,,JB3hdNc47opmAixdRAfc06OpnFc,1,prompt,"15-second health science video, 0-5 seconds. Transparent blue human upper body. The camera slowly advances from the chest to a clear artery. The blood flows smoothly and the color is clean and bluish.\n5–10 seconds. The symbolic milk tea sugar and fat particles enter the blood. The camera follows the blood flow. The blood gradually thickens, and light yellow lipids begin to adhere to the inner walls of the blood vessels.\nIn 10–15 seconds, the lumen of the blood vessel becomes significantly narrower, the flow rate decreases, the contrast picture forms a ""before vs. now"" state difference, and the overall color of the picture becomes darker.",https://bytedance.larkoffice.com/wiki/LJXzwehluiFdzKkb1recZdfonZg
45,Popular science teaching,Popular science animation,,JB3hdNc47opmAixdRAfc06OpnFc,2,prompt,"Ultra-realistic 4K medical CGI movie style, translucent blue upper body of human body, vascular system clearly visible. The camera slowly advances into a clean artery, with blood flowing smoothly, and cold clinical lighting creates a comfortable atmosphere. In the middle of the picture, the sugar and fat particles in the symbolic milk tea are dissolved in the blood. The camera follows the blood along the blood vessels. As the blood viscosity increases, yellow lipid deposits gradually adhere to the inner walls of the blood vessels, and the elasticity of the blood vessels slightly decreases. Finally, the blood flow slows down, the lumen of the blood vessels narrows, and the light turns to a slightly dim tone, creating an educational and warning atmosphere. The physiological transition is natural and smooth, and the 15-second health science short film.",https://bytedance.larkoffice.com/wiki/LJXzwehluiFdzKkb1recZdfonZg
46,Popular science teaching,Popular science animation,,JB3hdNc47opmAixdRAfc06OpnFc,3,prompt,"Ultra-realistic 4K medical CGI technology presents a translucent blue human body sitting in a sitting posture. The lens focuses on the legs. Under bright lights, the veins and blood flow are smooth. Over time, blood flow in the lower limbs slows down, venous congestion increases, and muscle fibers gradually lose their vitality. The lens moves upward to the abdomen and heart, metabolic indicators drop, and blood circulation becomes less efficient. The video adopts a calm yet cautionary educational tone and presents realistic visualization of anatomical structures. It is a 15-second film-level science short film.",https://bytedance.larkoffice.com/wiki/LJXzwehluiFdzKkb1recZdfonZg
47,Popular science teaching,Popular science animation,,JB3hdNc47opmAixdRAfc06OpnFc,4,prompt,"A 15-second health science short film, 0-5 seconds in which the brain is suspended in a dark space, with stable overall neural activity and soft blue light.\n5–10 seconds The amygdala area suddenly lights up red-orange, and the nerve electrical signals are dense and chaotic.\nAt 10–15 seconds, the brightness of the prefrontal cortex decreases, the camera circles the brain, and the overall rhythm becomes tense and oppressive.",https://bytedance.larkoffice.com/wiki/LJXzwehluiFdzKkb1recZdfonZg
48,Popular science teaching,Popular science animation,,JB3hdNc47opmAixdRAfc06OpnFc,5,prompt,"Ultra-realistic 4K medical CGI technology presents a translucent human torso, with the heart clearly visible and a steady heartbeat under soft blue light. As light exercise begins, the heart rate gradually accelerates, the beating becomes stronger and more rhythmic, and the camera slowly advances to the heart. Finally, the blood flow accelerates, the oxygen particles emit a brighter light, a vibrant yet clear medical visualization, and a 15-second fitness video that is positive and full of scientific atmosphere.",https://bytedance.larkoffice.com/wiki/LJXzwehluiFdzKkb1recZdfonZg
49,Popular science teaching,Popular science animation,,JB3hdNc47opmAixdRAfc06OpnFc,6,prompt,"A 15-second health science short film, 0-5 seconds in which the brain is suspended in a dark space, with stable overall neural activity and soft blue light.\n5–10 seconds The amygdala area suddenly lights up red-orange, and the nerve electrical signals are dense and chaotic.\nAt 10–15 seconds, the brightness of the prefrontal cortex decreases, the camera circles the brain, and the overall rhythm becomes tense and oppressive.",https://bytedance.larkoffice.com/wiki/LJXzwehluiFdzKkb1recZdfonZg
50,Popular science teaching,Popular science animation,,JB3hdNc47opmAixdRAfc06OpnFc,7,prompt,"Ultra-realistic 4K medical CGI close-ups reveal synapses, presenting a cool translucent brain environment with smooth initial release of neurotransmitters. With depression, serotonin and dopamine granules decrease, synaptic clefts slightly widen, and signaling slows. Eventually the picture gradually darkens and the action slows down, creating an introspective and scientific atmosphere. This is a 15-second cinematic neuroscience popular science film.",https://bytedance.larkoffice.com/wiki/LJXzwehluiFdzKkb1recZdfonZg
51,Popular science teaching,Popular science animation,,JB3hdNc47opmAixdRAfc06OpnFc,8,prompt,"The ultra-realistic 4K medical CGI microscopic image shows the microscopic view of human cells: slightly dehydrated cells appear dim and shrunken. As water molecules flow in, the cell membrane expands and the cell structure becomes plump and elastic. Finally, nutrient exchange accelerates and the organelles glow softly. This bright, refreshing and visually impactful health science visualization lasts 15 seconds.",https://bytedance.larkoffice.com/wiki/LJXzwehluiFdzKkb1recZdfonZg
52,Other ways to play,AI MV,,JWvpdooUYoveL5xfUoBc8mofnTb,1,prompt,"K-pop girl group’s 13-second MV storyboard prompts:\nVideo style: Aspect ratio: Widescreen 2.35:1\nFrame rate: 24fps\nColor palette: modern, bright, high-saturation tones, vibrant neon colors, warm and cold contrasts.\nDepth of field: Shallow depth of field, highlighting the lead singer and dance movements, with the background slightly blurred\nThe mood of the picture: full of energy, fashion sense, and futuristic sense, integrating fast dance shots and strong visual impact.\nClip:\nDuration: 13 seconds, edited into 8 short shots, each shot is 1.5 seconds, and the final shot is frozen for 0.5 seconds.\nFast and hard cutting, fast rhythm, enhanced dynamic and visual impact.\nStoryboard:\nShot 1:\nScene: A modern stage, with bright neon lights illuminating the entire background. The four girl group members stand in front of the stage with strong confidence, and the camera moves rapidly from bottom to top.\nAction: The lead singer stands in front, and other members stand on both sides and behind her. The background light flashes, and the atmosphere is tense and powerful.\nSound effect: K-pop's strong rhythm electronic music is introduced, full of percussion and driven by the beat.\nShot 2:\nScene: The camera cuts to the lead singer, wearing exquisite makeup and distinctive clothing. The camera captures her eyes, full of charm and confidence.\nAction: The lead singer's eyes are sharp, and she gently swings her body while smiling. Then her hair flows, and the camera focuses on her expression.\nSound effects: The music's tempo crescendos, the bass starts to get stronger, and the background synth sounds increase.\nShot 3:\nScene: The camera zooms out, and the four members perform synchronized dance moves on the stage at the same time. Bright neon patterns and geometric shapes appear on the large screen in the background.\nAction: The members perform fast and powerful dance steps, with rapid switching of arm waving and footsteps.\nSound effects: The music speeds up, drum beats and electronic sound effects are integrated, and the synthesizers gradually become higher and higher.\nShot 4:\nScene: Quickly cut to another member, the camera focuses on her hands, her fingertips reflecting the highlights of the stage lights as she waves.\nMovement: She makes a special dance move, her fingers dance gracefully, and the camera follows the movement closely.\nSound Effects: Electronic rhythm enhancement, accompanied by clear dance steps and tapping sound effects of footsteps.\nShot 5:\nScene: The camera quickly cuts to the side, showing two members performing complex dance moves together, with neon lights flashing in the background.\nAction: The arms and legs of the two members move smoothly, the picture is full of tension and dynamics, and the movements are streamlined.\nSound effects: Notes beat with changes in movement, rapid electronic percussion sounds.\nShot 6:\nScene: Below the camera, the ground and stage lights are reflected, highlighting the members' shoes and footsteps, with neon lines flashing in the background.\nMovements: The members dance with fast steps, and their steps land accurately to the rhythm of the music.\nSound effects: Enhanced percussion and rhythm, dance footsteps and electronic synthesizers are closely combined.\nShot 7:\nScene: The camera quickly pans to the rear, where four members perform a difficult group dance on the background stage, and the background screen shows flowing light beams and geometric figures.\nMovement: The movements of the four members are perfectly coordinated, the dance is energetic, and the camera moves quickly to capture each member's precise movements.\nSound effects: Music climax, synthesizers and bass rhythms are combined, and electronic sound effects reach their peak.\nShot 8:\nScene: The last shot, the four members stand in a row, the background lights flash, the camera slowly advances, focusing on their faces and confident expressions.\nAction: They smile and move in one go. The camera freezes on their faces, and the light and shadow gradually disappear.\nSound effects: The sound effects fade away, and the last harmony and rhythm sound effects slowly end.\nAudio:\nMusic: The electronic rhythm is strong, the bass and synthesizer sound effects are intertwined, full of modern and futuristic sense, strong rhythm and full of energy.Percussion instruments are incorporated into the background music, and electronic sound effects and synthesizers are constantly changing.\nSound effects: Clear dance sounds, echoes of melody and percussion, and background synthesizer sound effects appear alternately to increase the visual impact.\nProhibited:\nAny instruments that are too soft or slow tempos.\nExcessive text, subtitles, logos or watermarks.\nDon’t use elements of country or folk music, keep the vibe modern and trendy.",https://bytedance.larkoffice.com/wiki/LJXzwehluiFdzKkb1recZdfonZg
53,Other ways to play,AI MV,,JWvpdooUYoveL5xfUoBc8mofnTb,2,prompt,"Keywords: Footsteps, breathing, and clothing friction are more realistic, and the look and feel is more ""live""\nglobal parent prompt word\n2.35:1, 24fps, 15 seconds, 8 shots hard cut\nNeon high saturation contrast between warm and cold, modern stage\nShallow depth of field highlights action, clear action, and realistic motion blur\nSound design is a priority: the sounds of dance steps, sole friction, breathing, and clothing materials must be clear and consistent with the beat.\nText logo watermark is prohibited\n8 shots\n1. The camera is pushed in from a low position, the lights flash with the beat, and the stage ""seems like you can hear vibrations.""\n2. Close-up of the lead singer, breathing at the corners of the mouth and looking into the camera, with slight hair fluttering.\n3. Mid-shot of group dance, action breaks out, and footsteps begin to come in.\n4. Close-up of hands, gestures causing the sound of clothing and accessories.\n5. In the side view of the two people, the movements are more complex, the steps are closer, and the camera follows the movements.\n6. An extremely close-up shot of the footsteps, the landing point of the soles is completely synchronized with the drum beats, and neon lights are reflected on the ground.\n7. The climax of the group dance is panoramic, the footsteps and low-frequency kicks are superimposed, and the energy is full.\n8. Arrange the formation and freeze the close-up view for 0.5 seconds, and finish with the last sound of footsteps/smashing point.\nAudio/sound effects\nHarder low-frequency kick + high-frequency metal attack + sharp synthesizer lead\nEach shake of the mirror is accompanied by a short ""whoosh"" sound\nGive a ""smash point + short reverberation"" at the freeze frame",https://bytedance.larkoffice.com/wiki/LJXzwehluiFdzKkb1recZdfonZg
54,Other ways to play,AI MV,,JWvpdooUYoveL5xfUoBc8mofnTb,3,prompt,"Refer to the audio of video 1, and use Figures 1, 2, 3, and 4 as inspiration to create an emotional video.",https://bytedance.larkoffice.com/wiki/LJXzwehluiFdzKkb1recZdfonZg
55,Other ways to play,AI Vlog,,SyyidoaKIoJ1W7xZktVclUfanbc,1,prompt,"Make a daily vlog of a 20-year-old Chinese male college student. The main character in the picture is reference picture 1. Imitate reference video 1 to continue VLOG creation, using fast editing, fragmented editing, cool and high-energy transitions and continuous dynamic rhythm for editing. Running in the city early in the morning, quickly shooting coffee, bread and cheese for breakfast, quickly editing the shower scene with splashing water and waving towels, shooting in the mirror after changing clothes, then going out, going to school, playing tennis after class, all the shots are edited very tightly, the pace is fast, the picture is dazzling and full of energy, the editing itself is the main style",https://bytedance.larkoffice.com/wiki/LJXzwehluiFdzKkb1recZdfonZg
56,Other ways to play,Video continuation,,My2sdBrOooicrrxApTjcAPU2n6g,1,prompt,"After the character’s phone is robbed, what actions will the character take next? Please expand the content to 15 seconds.",https://bytedance.larkoffice.com/wiki/LJXzwehluiFdzKkb1recZdfonZg
57,Other ways to play,Video continuation,,My2sdBrOooicrrxApTjcAPU2n6g,2,prompt,"Referring to the form of yelling in @Video 2, extend the front part of @Video 1 to give it a prelude to a fight.",https://bytedance.larkoffice.com/wiki/LJXzwehluiFdzKkb1recZdfonZg
58,Other ways to play,Video continuation,,My2sdBrOooicrrxApTjcAPU2n6g,3,prompt,"The horse composed of particles in Video 1 gradually becomes more concrete, and the particles become denser, gradually transitioning to Video 2. The horse in Video 2 gradually turns into Video 3 while running, and gradually dissipates. The picture is beautiful, and the background sound is the sound of horse hooves and technological particle sound effects.",https://bytedance.larkoffice.com/wiki/LJXzwehluiFdzKkb1recZdfonZg
59,Other ways to play,Video continuation,,My2sdBrOooicrrxApTjcAPU2n6g,4,prompt,"The camera moves from end to end in 15 seconds, with no editing breakpoints throughout the entire process, and the New Year's festive atmosphere is full; in the opening video 1, the slow-motion camera is naturally connected to the kitchen door at an even speed, and smoothly transitions to the living room with lights and decorations, and is connected to video 2. The camera seamlessly pans to the living room window with window grilles, and then the slow-motion camera passes out from the window, smoothly connecting to the video 3 frames; the entire camera movement is smooth and coherent, and the speed is even and smooth without lag. , the picture incorporates New Year elements such as red lanterns to enhance the strong New Year atmosphere; the background sound is matched with festive New Year folk music (gong, drum, suona, dulcimer), the rhythm is brisk and fits the speed of the camera, interspersed with crisp opening sounds Environmental sound effects such as the sound of doors and window lattice, and the background sound is: ""Happy New Year, happy family, and auspicious Year of the Horse."" The overall ensures visual coherence and immersion from one shot to the end, and both the flavor of the year and the sense of atmosphere are fulfilled.",https://bytedance.larkoffice.com/wiki/LJXzwehluiFdzKkb1recZdfonZg
60,Other ways to play,P video,,Xi44d2zLHo8q9fxETVwcHxpSnAd,1,prompt,Change the shooting angle of video 1 to a shot from behind. The lyrics and character characteristics remain unchanged. The background is an auditorium full of people.,https://bytedance.larkoffice.com/wiki/LJXzwehluiFdzKkb1recZdfonZg
61,Other ways to play,P video,,Xi44d2zLHo8q9fxETVwcHxpSnAd,2,prompt,"Fixed lens, the central fisheye lens peeks down through the circular hole, refer to the fisheye lens in Video 1, a cute kitten wearing red New Year's clothes looks towards the camera with a smile on its lips. The background is a retro corridor with dark yellow walls and black and white polka dot floor tiles. Warm yellow wall lamps are dotted among them. The lens distortion brings a sense of space shrinkage. The scene is a fish-eye lens. The scene imitates the cat's eye on the door. The action refers to video 2. The kitten looks at the camera and says ""Happy New Year! Open the door, seedance is coming!""",https://bytedance.larkoffice.com/wiki/LJXzwehluiFdzKkb1recZdfonZg
62,Other ways to play,P video,,Xi44d2zLHo8q9fxETVwcHxpSnAd,3,prompt,"Referring to the content in the video, let the cat in the picture replace the cat wearing a blue hat in the middle of the radio broadcast to generate a 15-second video.",https://bytedance.larkoffice.com/wiki/LJXzwehluiFdzKkb1recZdfonZg
63,Other ways to play,P video,,Xi44d2zLHo8q9fxETVwcHxpSnAd,4,prompt,Remove the camera lens in the mirror in Video 1,https://bytedance.larkoffice.com/wiki/LJXzwehluiFdzKkb1recZdfonZg
